<?xml version = "1.0"?>
<!--
** ======================================================================
**  CDs.xml
** ======================================================================
**                   This file is a part of the book 
**             "Qt 5.3 Professional programming with C++"
** ======================================================================
**  Copyright (c) 2014 by Max Schlee
**
**  Email : Max.Schlee@neonway.com
**  Blog  : http://www.maxschlee.com
**
**  Social Networks
**  ===============
**  FaceBook : http://www.facebook.com/mschlee
**  Twitter  : http://twitter.com/Max_Schlee
**  2Look.me : http://2look.me/NW100003
**  Xing     : http://www.xing.com/profile/Max_Schlee
**  vk.com   : https://vk.com/max.schlee
** ======================================================================
-->
<!-- My Address Book -->
<addressbook>
  <contact number = "1">
      <name>Piggy</name>
      <phone>+49 631322187</phone>
      <email>piggy@mega.de</email>
  </contact>
  <contact number = "2">
      <name>Kermit</name>
      <phone>+49 631322181</phone>
      <email>kermit@mega.de</email>
  </contact>
</addressbook>
